{
  "Version": 1,
  "ManifestType": "Publish",
  "Endpoints": [
    {
      "Route": "_content/Blazor-Analytics/blazor-analytics.js",
      "AssetFile": "_content/Blazor-Analytics/blazor-analytics.js",
      "Selectors": [],
      "ResponseHeaders": [
        {
          "Name": "Accept-Ranges",
          "Value": "bytes"
        },
        {
          "Name": "Cache-Control",
          "Value": "no-cache"
        },
        {
          "Name": "Content-Length",
          "Value": "1732"
        },
        {
          "Name": "Content-Type",
          "Value": "text/javascript"
        },
        {
          "Name": "ETag",
          "Value": "\"dywA0vpXrat5nUtKxXXk8EYyZ2BD9/Aa48u+qED9IIo=\""
        },
        {
          "Name": "Last-Modified",
          "Value": "Wed, 07 Jun 2023 14:53:48 GMT"
        }
      ],
      "EndpointProperties": [
        {
          "Name": "integrity",
          "Value": "sha256-dywA0vpXrat5nUtKxXXk8EYyZ2BD9/Aa48u+qED9IIo="
        }
      ]
    },
    {
      "Route": "_content/Blazor-ApexCharts/css/apexcharts.css",
      "AssetFile": "_content/Blazor-ApexCharts/css/apexcharts.css",
      "Selectors": [],
      "ResponseHeaders": [
        {
          "Name": "Accept-Ranges",
          "Value": "bytes"
        },
        {
          "Name": "Cache-Control",
          "Value": "no-cache"
        },
        {
          "Name": "Content-Length",
          "Value": "13568"
        },
        {
          "Name": "Content-Type",
          "Value": "text/css"
        },
        {
          "Name": "ETag",
          "Value": "\"We76yQ6BbUqy3OL7pB4AiChSOtAH/BdDsZ0Z+MzXvD0=\""
        },
        {
          "Name": "Last-Modified",
          "Value": "Tue, 08 Oct 2024 19:49:24 GMT"
        }
      ],
      "EndpointProperties": [
        {
          "Name": "integrity",
          "Value": "sha256-We76yQ6BbUqy3OL7pB4AiChSOtAH/BdDsZ0Z+MzXvD0="
        }
      ]
    },
    {
      "Route": "_content/Blazor-ApexCharts/js/apexcharts.esm.js",
      "AssetFile": "_content/Blazor-ApexCharts/js/apexcharts.esm.js",
      "Selectors": [],
      "ResponseHeaders": [
        {
          "Name": "Accept-Ranges",
          "Value": "bytes"
        },
        {
          "Name": "Cache-Control",
          "Value": "no-cache"
        },
        {
          "Name": "Content-Length",
          "Value": "616842"
        },
        {
          "Name": "Content-Type",
          "Value": "text/javascript"
        },
        {
          "Name": "ETag",
          "Value": "\"y7oBw09A3u8iAjBztkQlI3N3pGqva06sVjeXDGyculI=\""
        },
        {
          "Name": "Last-Modified",
          "Value": "Tue, 08 Oct 2024 19:49:24 GMT"
        }
      ],
      "EndpointProperties": [
        {
          "Name": "integrity",
          "Value": "sha256-y7oBw09A3u8iAjBztkQlI3N3pGqva06sVjeXDGyculI="
        }
      ]
    },
    {
      "Route": "_content/Blazor-ApexCharts/js/blazor-apexcharts.js",
      "AssetFile": "_content/Blazor-ApexCharts/js/blazor-apexcharts.js",
      "Selectors": [],
      "ResponseHeaders": [
        {
          "Name": "Accept-Ranges",
          "Value": "bytes"
        },
        {
          "Name": "Cache-Control",
          "Value": "no-cache"
        },
        {
          "Name": "Content-Length",
          "Value": "16405"
        },
        {
          "Name": "Content-Type",
          "Value": "text/javascript"
        },
        {
          "Name": "ETag",
          "Value": "\"UEPBukuX9UBUsoujon2fDJJ7kFSKMU0BjBs/DqSewQ0=\""
        },
        {
          "Name": "Last-Modified",
          "Value": "Tue, 08 Oct 2024 19:49:24 GMT"
        }
      ],
      "EndpointProperties": [
        {
          "Name": "integrity",
          "Value": "sha256-UEPBukuX9UBUsoujon2fDJJ7kFSKMU0BjBs/DqSewQ0="
        }
      ]
    },
    {
      "Route": "_content/BlazorDownloadFile/BlazorDownloadFileScript.js",
      "AssetFile": "_content/BlazorDownloadFile/BlazorDownloadFileScript.js",
      "Selectors": [],
      "ResponseHeaders": [
        {
          "Name": "Accept-Ranges",
          "Value": "bytes"
        },
        {
          "Name": "Cache-Control",
          "Value": "no-cache"
        },
        {
          "Name": "Content-Length",
          "Value": "12550"
        },
        {
          "Name": "Content-Type",
          "Value": "text/javascript"
        },
        {
          "Name": "ETag",
          "Value": "\"PtApvXsjtN3h6TrGmJjCQsaFMN/pyLARBUCEQhLn7Oc=\""
        },
        {
          "Name": "Last-Modified",
          "Value": "Sun, 24 Apr 2022 17:40:28 GMT"
        }
      ],
      "EndpointProperties": [
        {
          "Name": "integrity",
          "Value": "sha256-PtApvXsjtN3h6TrGmJjCQsaFMN/pyLARBUCEQhLn7Oc="
        }
      ]
    },
    {
      "Route": "_content/CodeBeam.MudBlazor.Extensions/MudExtensions.min.css",
      "AssetFile": "_content/CodeBeam.MudBlazor.Extensions/MudExtensions.min.css",
      "Selectors": [],
      "ResponseHeaders": [
        {
          "Name": "Accept-Ranges",
          "Value": "bytes"
        },
        {
          "Name": "Cache-Control",
          "Value": "no-cache"
        },
        {
          "Name": "Content-Length",
          "Value": "29615"
        },
        {
          "Name": "Content-Type",
          "Value": "text/css"
        },
        {
          "Name": "ETag",
          "Value": "\"kc/smd0LHnNuNLj4b1hliSYWp55O1NtUXy+jonbhnfk=\""
        },
        {
          "Name": "Last-Modified",
          "Value": "Sun, 15 Oct 2023 07:28:52 GMT"
        }
      ],
      "EndpointProperties": [
        {
          "Name": "integrity",
          "Value": "sha256-kc/smd0LHnNuNLj4b1hliSYWp55O1NtUXy+jonbhnfk="
        }
      ]
    },
    {
      "Route": "_content/CodeBeam.MudBlazor.Extensions/MudExtensions.min.js",
      "AssetFile": "_content/CodeBeam.MudBlazor.Extensions/MudExtensions.min.js",
      "Selectors": [],
      "ResponseHeaders": [
        {
          "Name": "Accept-Ranges",
          "Value": "bytes"
        },
        {
          "Name": "Cache-Control",
          "Value": "no-cache"
        },
        {
          "Name": "Content-Length",
          "Value": "4816"
        },
        {
          "Name": "Content-Type",
          "Value": "text/javascript"
        },
        {
          "Name": "ETag",
          "Value": "\"kwDBiAv/G4OWRKbuGFmGPZhOyCXcoyBE5iitK8cQ79E=\""
        },
        {
          "Name": "Last-Modified",
          "Value": "Tue, 09 Jan 2024 12:05:48 GMT"
        }
      ],
      "EndpointProperties": [
        {
          "Name": "integrity",
          "Value": "sha256-kwDBiAv/G4OWRKbuGFmGPZhOyCXcoyBE5iitK8cQ79E="
        }
      ]
    },
    {
      "Route": "_content/CodeBeam.MudBlazor.Extensions/Mud_Secondary.png",
      "AssetFile": "_content/CodeBeam.MudBlazor.Extensions/Mud_Secondary.png",
      "Selectors": [],
      "ResponseHeaders": [
        {
          "Name": "Accept-Ranges",
          "Value": "bytes"
        },
        {
          "Name": "Cache-Control",
          "Value": "max-age=3600, must-revalidate"
        },
        {
          "Name": "Content-Length",
          "Value": "4558"
        },
        {
          "Name": "Content-Type",
          "Value": "image/png"
        },
        {
          "Name": "ETag",
          "Value": "\"G3hYUw4Ps9P/IQ3lw2zu96RSZaOf4zU+4QkXkH8Xi3Y=\""
        },
        {
          "Name": "Last-Modified",
          "Value": "Mon, 27 Feb 2023 13:25:16 GMT"
        }
      ],
      "EndpointProperties": [
        {
          "Name": "integrity",
          "Value": "sha256-G3hYUw4Ps9P/IQ3lw2zu96RSZaOf4zU+4QkXkH8Xi3Y="
        }
      ]
    },
    {
      "Route": "_content/CodeBeam.MudBlazor.Extensions/eraser.cur",
      "AssetFile": "_content/CodeBeam.MudBlazor.Extensions/eraser.cur",
      "Selectors": [],
      "ResponseHeaders": [
        {
          "Name": "Accept-Ranges",
          "Value": "bytes"
        },
        {
          "Name": "Cache-Control",
          "Value": "no-cache"
        },
        {
          "Name": "Content-Length",
          "Value": "4286"
        },
        {
          "Name": "Content-Type",
          "Value": "application/octet-stream"
        },
        {
          "Name": "ETag",
          "Value": "\"1GL+TjmZdDm3eGG+MG1FLkkZF8SOwo3eG/7qsNX0HuU=\""
        },
        {
          "Name": "Last-Modified",
          "Value": "Sun, 01 Oct 2023 16:14:34 GMT"
        }
      ],
      "EndpointProperties": [
        {
          "Name": "integrity",
          "Value": "sha256-1GL+TjmZdDm3eGG+MG1FLkkZF8SOwo3eG/7qsNX0HuU="
        }
      ]
    },
    {
      "Route": "_content/CodeBeam.MudBlazor.Extensions/pencil.cur",
      "AssetFile": "_content/CodeBeam.MudBlazor.Extensions/pencil.cur",
      "Selectors": [],
      "ResponseHeaders": [
        {
          "Name": "Accept-Ranges",
          "Value": "bytes"
        },
        {
          "Name": "Cache-Control",
          "Value": "no-cache"
        },
        {
          "Name": "Content-Length",
          "Value": "326"
        },
        {
          "Name": "Content-Type",
          "Value": "application/octet-stream"
        },
        {
          "Name": "ETag",
          "Value": "\"oDnErTJbRIXAeq4Awzx/PNkRW2XA0ClXG7BIA/jTt9E=\""
        },
        {
          "Name": "Last-Modified",
          "Value": "Sun, 01 Oct 2023 16:14:34 GMT"
        }
      ],
      "EndpointProperties": [
        {
          "Name": "integrity",
          "Value": "sha256-oDnErTJbRIXAeq4Awzx/PNkRW2XA0ClXG7BIA/jTt9E="
        }
      ]
    },
    {
      "Route": "_content/MudBlazor/MudBlazor.min.css",
      "AssetFile": "_content/MudBlazor/MudBlazor.min.css",
      "Selectors": [],
      "ResponseHeaders": [
        {
          "Name": "Accept-Ranges",
          "Value": "bytes"
        },
        {
          "Name": "Cache-Control",
          "Value": "no-cache"
        },
        {
          "Name": "Content-Length",
          "Value": "540935"
        },
        {
          "Name": "Content-Type",
          "Value": "text/css"
        },
        {
          "Name": "ETag",
          "Value": "\"rn8eNl+9uB529WfApYjM5fW3PddfCejXYcvfIgZsvkk=\""
        },
        {
          "Name": "Last-Modified",
          "Value": "Mon, 03 Jun 2024 10:06:12 GMT"
        }
      ],
      "EndpointProperties": [
        {
          "Name": "integrity",
          "Value": "sha256-rn8eNl+9uB529WfApYjM5fW3PddfCejXYcvfIgZsvkk="
        }
      ]
    },
    {
      "Route": "_content/MudBlazor/MudBlazor.min.js",
      "AssetFile": "_content/MudBlazor/MudBlazor.min.js",
      "Selectors": [],
      "ResponseHeaders": [
        {
          "Name": "Accept-Ranges",
          "Value": "bytes"
        },
        {
          "Name": "Cache-Control",
          "Value": "no-cache"
        },
        {
          "Name": "Content-Length",
          "Value": "47409"
        },
        {
          "Name": "Content-Type",
          "Value": "text/javascript"
        },
        {
          "Name": "ETag",
          "Value": "\"tDzFduRg9GB+l7v4qTqHjA9DWw0gYW4sJ+rNyuAbrAQ=\""
        },
        {
          "Name": "Last-Modified",
          "Value": "Mon, 03 Jun 2024 10:06:12 GMT"
        }
      ],
      "EndpointProperties": [
        {
          "Name": "integrity",
          "Value": "sha256-tDzFduRg9GB+l7v4qTqHjA9DWw0gYW4sJ+rNyuAbrAQ="
        }
      ]
    },
    {
      "Route": "_content/Toolbelt.Blazor.HotKeys2/script.min.js",
      "AssetFile": "_content/Toolbelt.Blazor.HotKeys2/script.min.js",
      "Selectors": [],
      "ResponseHeaders": [
        {
          "Name": "Accept-Ranges",
          "Value": "bytes"
        },
        {
          "Name": "Cache-Control",
          "Value": "no-cache"
        },
        {
          "Name": "Content-Length",
          "Value": "1509"
        },
        {
          "Name": "Content-Type",
          "Value": "text/javascript"
        },
        {
          "Name": "ETag",
          "Value": "\"ZgF3aa/G2M5uWKDp9CWafg/BU2PRoSbAnpXTU+RnHxA=\""
        },
        {
          "Name": "Last-Modified",
          "Value": "Thu, 29 Dec 2022 10:52:12 GMT"
        }
      ],
      "EndpointProperties": [
        {
          "Name": "integrity",
          "Value": "sha256-ZgF3aa/G2M5uWKDp9CWafg/BU2PRoSbAnpXTU+RnHxA="
        }
      ]
    },
    {
      "Route": "blazor-analytics.bjkqycrmqn.js",
      "AssetFile": "blazor-analytics.js",
      "Selectors": [],
      "ResponseHeaders": [
        {
          "Name": "Accept-Ranges",
          "Value": "bytes"
        },
        {
          "Name": "Cache-Control",
          "Value": "max-age=31536000, immutable"
        },
        {
          "Name": "Content-Length",
          "Value": "1732"
        },
        {
          "Name": "Content-Type",
          "Value": "text/javascript"
        },
        {
          "Name": "ETag",
          "Value": "\"dywA0vpXrat5nUtKxXXk8EYyZ2BD9/Aa48u+qED9IIo=\""
        },
        {
          "Name": "Last-Modified",
          "Value": "Wed, 07 Jun 2023 14:53:48 GMT"
        }
      ],
      "EndpointProperties": [
        {
          "Name": "fingerprint",
          "Value": "bjkqycrmqn"
        },
        {
          "Name": "integrity",
          "Value": "sha256-dywA0vpXrat5nUtKxXXk8EYyZ2BD9/Aa48u+qED9IIo="
        },
        {
          "Name": "label",
          "Value": "blazor-analytics.js"
        }
      ]
    },
    {
      "Route": "blazor-analytics.js",
      "AssetFile": "blazor-analytics.js",
      "Selectors": [],
      "ResponseHeaders": [
        {
          "Name": "Accept-Ranges",
          "Value": "bytes"
        },
        {
          "Name": "Cache-Control",
          "Value": "no-cache"
        },
        {
          "Name": "Content-Length",
          "Value": "1732"
        },
        {
          "Name": "Content-Type",
          "Value": "text/javascript"
        },
        {
          "Name": "ETag",
          "Value": "\"dywA0vpXrat5nUtKxXXk8EYyZ2BD9/Aa48u+qED9IIo=\""
        },
        {
          "Name": "Last-Modified",
          "Value": "Wed, 07 Jun 2023 14:53:48 GMT"
        }
      ],
      "EndpointProperties": [
        {
          "Name": "integrity",
          "Value": "sha256-dywA0vpXrat5nUtKxXXk8EYyZ2BD9/Aa48u+qED9IIo="
        }
      ]
    },
    {
      "Route": "css/app.3r8b2a0bt1.css",
      "AssetFile": "css/app.css",
      "Selectors": [],
      "ResponseHeaders": [
        {
          "Name": "Accept-Ranges",
          "Value": "bytes"
        },
        {
          "Name": "Cache-Control",
          "Value": "max-age=31536000, immutable"
        },
        {
          "Name": "Content-Length",
          "Value": "3"
        },
        {
          "Name": "Content-Type",
          "Value": "text/css"
        },
        {
          "Name": "ETag",
          "Value": "\"8ZRc1sGeVrPBx4lD717BgRaQekyh78QKV9SKsdt638U=\""
        },
        {
          "Name": "Last-Modified",
          "Value": "Sat, 29 Jan 2022 10:07:12 GMT"
        }
      ],
      "EndpointProperties": [
        {
          "Name": "fingerprint",
          "Value": "3r8b2a0bt1"
        },
        {
          "Name": "integrity",
          "Value": "sha256-8ZRc1sGeVrPBx4lD717BgRaQekyh78QKV9SKsdt638U="
        },
        {
          "Name": "label",
          "Value": "css/app.css"
        }
      ]
    },
    {
      "Route": "css/app.css",
      "AssetFile": "css/app.css",
      "Selectors": [],
      "ResponseHeaders": [
        {
          "Name": "Accept-Ranges",
          "Value": "bytes"
        },
        {
          "Name": "Cache-Control",
          "Value": "no-cache"
        },
        {
          "Name": "Content-Length",
          "Value": "3"
        },
        {
          "Name": "Content-Type",
          "Value": "text/css"
        },
        {
          "Name": "ETag",
          "Value": "\"8ZRc1sGeVrPBx4lD717BgRaQekyh78QKV9SKsdt638U=\""
        },
        {
          "Name": "Last-Modified",
          "Value": "Sat, 29 Jan 2022 10:07:12 GMT"
        }
      ],
      "EndpointProperties": [
        {
          "Name": "integrity",
          "Value": "sha256-8ZRc1sGeVrPBx4lD717BgRaQekyh78QKV9SKsdt638U="
        }
      ]
    },
    {
      "Route": "css/fancybox.css",
      "AssetFile": "css/fancybox.css",
      "Selectors": [],
      "ResponseHeaders": [
        {
          "Name": "Accept-Ranges",
          "Value": "bytes"
        },
        {
          "Name": "Cache-Control",
          "Value": "no-cache"
        },
        {
          "Name": "Content-Length",
          "Value": "23879"
        },
        {
          "Name": "Content-Type",
          "Value": "text/css"
        },
        {
          "Name": "ETag",
          "Value": "\"EaVFN3dl1YHORdHwp64rh/W6iZ1ME5Upc8qK5qJhB/k=\""
        },
        {
          "Name": "Last-Modified",
          "Value": "Mon, 03 Apr 2023 12:16:56 GMT"
        }
      ],
      "EndpointProperties": [
        {
          "Name": "integrity",
          "Value": "sha256-EaVFN3dl1YHORdHwp64rh/W6iZ1ME5Upc8qK5qJhB/k="
        }
      ]
    },
    {
      "Route": "css/fancybox.vongb1b5hn.css",
      "AssetFile": "css/fancybox.css",
      "Selectors": [],
      "ResponseHeaders": [
        {
          "Name": "Accept-Ranges",
          "Value": "bytes"
        },
        {
          "Name": "Cache-Control",
          "Value": "max-age=31536000, immutable"
        },
        {
          "Name": "Content-Length",
          "Value": "23879"
        },
        {
          "Name": "Content-Type",
          "Value": "text/css"
        },
        {
          "Name": "ETag",
          "Value": "\"EaVFN3dl1YHORdHwp64rh/W6iZ1ME5Upc8qK5qJhB/k=\""
        },
        {
          "Name": "Last-Modified",
          "Value": "Mon, 03 Apr 2023 12:16:56 GMT"
        }
      ],
      "EndpointProperties": [
        {
          "Name": "fingerprint",
          "Value": "vongb1b5hn"
        },
        {
          "Name": "integrity",
          "Value": "sha256-EaVFN3dl1YHORdHwp64rh/W6iZ1ME5Upc8qK5qJhB/k="
        },
        {
          "Name": "label",
          "Value": "css/fancybox.css"
        }
      ]
    },
    {
      "Route": "favicon.043zjyzsvv.ico",
      "AssetFile": "favicon.ico",
      "Selectors": [],
      "ResponseHeaders": [
        {
          "Name": "Accept-Ranges",
          "Value": "bytes"
        },
        {
          "Name": "Cache-Control",
          "Value": "max-age=31536000, immutable"
        },
        {
          "Name": "Content-Length",
          "Value": "173761"
        },
        {
          "Name": "Content-Type",
          "Value": "image/x-icon"
        },
        {
          "Name": "ETag",
          "Value": "\"gBrNrd414NzciimmzhWaK50ZQdbBK6uT7Jqa3ZJ8S9g=\""
        },
        {
          "Name": "Last-Modified",
          "Value": "Sat, 29 Jan 2022 10:07:12 GMT"
        }
      ],
      "EndpointProperties": [
        {
          "Name": "fingerprint",
          "Value": "043zjyzsvv"
        },
        {
          "Name": "integrity",
          "Value": "sha256-gBrNrd414NzciimmzhWaK50ZQdbBK6uT7Jqa3ZJ8S9g="
        },
        {
          "Name": "label",
          "Value": "favicon.ico"
        }
      ]
    },
    {
      "Route": "favicon.ico",
      "AssetFile": "favicon.ico",
      "Selectors": [],
      "ResponseHeaders": [
        {
          "Name": "Accept-Ranges",
          "Value": "bytes"
        },
        {
          "Name": "Cache-Control",
          "Value": "max-age=3600, must-revalidate"
        },
        {
          "Name": "Content-Length",
          "Value": "173761"
        },
        {
          "Name": "Content-Type",
          "Value": "image/x-icon"
        },
        {
          "Name": "ETag",
          "Value": "\"gBrNrd414NzciimmzhWaK50ZQdbBK6uT7Jqa3ZJ8S9g=\""
        },
        {
          "Name": "Last-Modified",
          "Value": "Sat, 29 Jan 2022 10:07:12 GMT"
        }
      ],
      "EndpointProperties": [
        {
          "Name": "integrity",
          "Value": "sha256-gBrNrd414NzciimmzhWaK50ZQdbBK6uT7Jqa3ZJ8S9g="
        }
      ]
    },
    {
      "Route": "hse.j42mpdn87u.png",
      "AssetFile": "hse.png",
      "Selectors": [],
      "ResponseHeaders": [
        {
          "Name": "Accept-Ranges",
          "Value": "bytes"
        },
        {
          "Name": "Cache-Control",
          "Value": "max-age=31536000, immutable"
        },
        {
          "Name": "Content-Length",
          "Value": "91773"
        },
        {
          "Name": "Content-Type",
          "Value": "image/png"
        },
        {
          "Name": "ETag",
          "Value": "\"QzEmLgzfi9xiW5uUfkUZIA5SMj4myDImb6ocw42PW+I=\""
        },
        {
          "Name": "Last-Modified",
          "Value": "Fri, 27 Sep 2024 12:33:24 GMT"
        }
      ],
      "EndpointProperties": [
        {
          "Name": "fingerprint",
          "Value": "j42mpdn87u"
        },
        {
          "Name": "integrity",
          "Value": "sha256-QzEmLgzfi9xiW5uUfkUZIA5SMj4myDImb6ocw42PW+I="
        },
        {
          "Name": "label",
          "Value": "hse.png"
        }
      ]
    },
    {
      "Route": "hse.png",
      "AssetFile": "hse.png",
      "Selectors": [],
      "ResponseHeaders": [
        {
          "Name": "Accept-Ranges",
          "Value": "bytes"
        },
        {
          "Name": "Cache-Control",
          "Value": "max-age=3600, must-revalidate"
        },
        {
          "Name": "Content-Length",
          "Value": "91773"
        },
        {
          "Name": "Content-Type",
          "Value": "image/png"
        },
        {
          "Name": "ETag",
          "Value": "\"QzEmLgzfi9xiW5uUfkUZIA5SMj4myDImb6ocw42PW+I=\""
        },
        {
          "Name": "Last-Modified",
          "Value": "Fri, 27 Sep 2024 12:33:24 GMT"
        }
      ],
      "EndpointProperties": [
        {
          "Name": "integrity",
          "Value": "sha256-QzEmLgzfi9xiW5uUfkUZIA5SMj4myDImb6ocw42PW+I="
        }
      ]
    },
    {
      "Route": "icon-192.f9uvjujlxy.png",
      "AssetFile": "icon-192.png",
      "Selectors": [],
      "ResponseHeaders": [
        {
          "Name": "Accept-Ranges",
          "Value": "bytes"
        },
        {
          "Name": "Cache-Control",
          "Value": "max-age=31536000, immutable"
        },
        {
          "Name": "Content-Length",
          "Value": "2626"
        },
        {
          "Name": "Content-Type",
          "Value": "image/png"
        },
        {
          "Name": "ETag",
          "Value": "\"DbpQaq68ZSb5IoPosBErM1QWBfsbTxpJqhU0REi6wP4=\""
        },
        {
          "Name": "Last-Modified",
          "Value": "Sun, 09 Apr 2023 12:02:43 GMT"
        }
      ],
      "EndpointProperties": [
        {
          "Name": "fingerprint",
          "Value": "f9uvjujlxy"
        },
        {
          "Name": "integrity",
          "Value": "sha256-DbpQaq68ZSb5IoPosBErM1QWBfsbTxpJqhU0REi6wP4="
        },
        {
          "Name": "label",
          "Value": "icon-192.png"
        }
      ]
    },
    {
      "Route": "icon-192.png",
      "AssetFile": "icon-192.png",
      "Selectors": [],
      "ResponseHeaders": [
        {
          "Name": "Accept-Ranges",
          "Value": "bytes"
        },
        {
          "Name": "Cache-Control",
          "Value": "max-age=3600, must-revalidate"
        },
        {
          "Name": "Content-Length",
          "Value": "2626"
        },
        {
          "Name": "Content-Type",
          "Value": "image/png"
        },
        {
          "Name": "ETag",
          "Value": "\"DbpQaq68ZSb5IoPosBErM1QWBfsbTxpJqhU0REi6wP4=\""
        },
        {
          "Name": "Last-Modified",
          "Value": "Sun, 09 Apr 2023 12:02:43 GMT"
        }
      ],
      "EndpointProperties": [
        {
          "Name": "integrity",
          "Value": "sha256-DbpQaq68ZSb5IoPosBErM1QWBfsbTxpJqhU0REi6wP4="
        }
      ]
    },
    {
      "Route": "js/boot.js",
      "AssetFile": "js/boot.js",
      "Selectors": [],
      "ResponseHeaders": [
        {
          "Name": "Accept-Ranges",
          "Value": "bytes"
        },
        {
          "Name": "Cache-Control",
          "Value": "no-cache"
        },
        {
          "Name": "Content-Length",
          "Value": "1871"
        },
        {
          "Name": "Content-Type",
          "Value": "text/javascript"
        },
        {
          "Name": "ETag",
          "Value": "\"tnygdOx8zXnlj7NrIpm+1PnRaefeeWHOboGaClvBLCo=\""
        },
        {
          "Name": "Last-Modified",
          "Value": "Sun, 18 Dec 2022 09:54:50 GMT"
        }
      ],
      "EndpointProperties": [
        {
          "Name": "integrity",
          "Value": "sha256-tnygdOx8zXnlj7NrIpm+1PnRaefeeWHOboGaClvBLCo="
        }
      ]
    },
    {
      "Route": "js/boot.mdi9ij0tsy.js",
      "AssetFile": "js/boot.js",
      "Selectors": [],
      "ResponseHeaders": [
        {
          "Name": "Accept-Ranges",
          "Value": "bytes"
        },
        {
          "Name": "Cache-Control",
          "Value": "max-age=31536000, immutable"
        },
        {
          "Name": "Content-Length",
          "Value": "1871"
        },
        {
          "Name": "Content-Type",
          "Value": "text/javascript"
        },
        {
          "Name": "ETag",
          "Value": "\"tnygdOx8zXnlj7NrIpm+1PnRaefeeWHOboGaClvBLCo=\""
        },
        {
          "Name": "Last-Modified",
          "Value": "Sun, 18 Dec 2022 09:54:50 GMT"
        }
      ],
      "EndpointProperties": [
        {
          "Name": "fingerprint",
          "Value": "mdi9ij0tsy"
        },
        {
          "Name": "integrity",
          "Value": "sha256-tnygdOx8zXnlj7NrIpm+1PnRaefeeWHOboGaClvBLCo="
        },
        {
          "Name": "label",
          "Value": "js/boot.js"
        }
      ]
    },
    {
      "Route": "js/fancybox.umd.91p15mf4i5.js",
      "AssetFile": "js/fancybox.umd.js",
      "Selectors": [],
      "ResponseHeaders": [
        {
          "Name": "Accept-Ranges",
          "Value": "bytes"
        },
        {
          "Name": "Cache-Control",
          "Value": "max-age=31536000, immutable"
        },
        {
          "Name": "Content-Length",
          "Value": "141135"
        },
        {
          "Name": "Content-Type",
          "Value": "text/javascript"
        },
        {
          "Name": "ETag",
          "Value": "\"A56jk1Ri2sj0PHXB+D1yA62ULRySp2Ig7rpLQdqknUQ=\""
        },
        {
          "Name": "Last-Modified",
          "Value": "Mon, 03 Apr 2023 12:16:56 GMT"
        }
      ],
      "EndpointProperties": [
        {
          "Name": "fingerprint",
          "Value": "91p15mf4i5"
        },
        {
          "Name": "integrity",
          "Value": "sha256-A56jk1Ri2sj0PHXB+D1yA62ULRySp2Ig7rpLQdqknUQ="
        },
        {
          "Name": "label",
          "Value": "js/fancybox.umd.js"
        }
      ]
    },
    {
      "Route": "js/fancybox.umd.js",
      "AssetFile": "js/fancybox.umd.js",
      "Selectors": [],
      "ResponseHeaders": [
        {
          "Name": "Accept-Ranges",
          "Value": "bytes"
        },
        {
          "Name": "Cache-Control",
          "Value": "no-cache"
        },
        {
          "Name": "Content-Length",
          "Value": "141135"
        },
        {
          "Name": "Content-Type",
          "Value": "text/javascript"
        },
        {
          "Name": "ETag",
          "Value": "\"A56jk1Ri2sj0PHXB+D1yA62ULRySp2Ig7rpLQdqknUQ=\""
        },
        {
          "Name": "Last-Modified",
          "Value": "Mon, 03 Apr 2023 12:16:56 GMT"
        }
      ],
      "EndpointProperties": [
        {
          "Name": "integrity",
          "Value": "sha256-A56jk1Ri2sj0PHXB+D1yA62ULRySp2Ig7rpLQdqknUQ="
        }
      ]
    },
    {
      "Route": "js/gapi/auth2config.js",
      "AssetFile": "js/gapi/auth2config.js",
      "Selectors": [],
      "ResponseHeaders": [
        {
          "Name": "Accept-Ranges",
          "Value": "bytes"
        },
        {
          "Name": "Cache-Control",
          "Value": "no-cache"
        },
        {
          "Name": "Content-Length",
          "Value": "478"
        },
        {
          "Name": "Content-Type",
          "Value": "text/javascript"
        },
        {
          "Name": "ETag",
          "Value": "\"JWO00PQ0qwYSdv/S1J2+d54UxefeC0T0XjhuumZKu90=\""
        },
        {
          "Name": "Last-Modified",
          "Value": "Sun, 24 Apr 2022 03:54:30 GMT"
        }
      ],
      "EndpointProperties": [
        {
          "Name": "integrity",
          "Value": "sha256-JWO00PQ0qwYSdv/S1J2+d54UxefeC0T0XjhuumZKu90="
        }
      ]
    },
    {
      "Route": "js/gapi/auth2config.pv3yv3vb2g.js",
      "AssetFile": "js/gapi/auth2config.js",
      "Selectors": [],
      "ResponseHeaders": [
        {
          "Name": "Accept-Ranges",
          "Value": "bytes"
        },
        {
          "Name": "Cache-Control",
          "Value": "max-age=31536000, immutable"
        },
        {
          "Name": "Content-Length",
          "Value": "478"
        },
        {
          "Name": "Content-Type",
          "Value": "text/javascript"
        },
        {
          "Name": "ETag",
          "Value": "\"JWO00PQ0qwYSdv/S1J2+d54UxefeC0T0XjhuumZKu90=\""
        },
        {
          "Name": "Last-Modified",
          "Value": "Sun, 24 Apr 2022 03:54:30 GMT"
        }
      ],
      "EndpointProperties": [
        {
          "Name": "fingerprint",
          "Value": "pv3yv3vb2g"
        },
        {
          "Name": "integrity",
          "Value": "sha256-JWO00PQ0qwYSdv/S1J2+d54UxefeC0T0XjhuumZKu90="
        },
        {
          "Name": "label",
          "Value": "js/gapi/auth2config.js"
        }
      ]
    },
    {
      "Route": "js/msal/authConfig.js",
      "AssetFile": "js/msal/authConfig.js",
      "Selectors": [],
      "ResponseHeaders": [
        {
          "Name": "Accept-Ranges",
          "Value": "bytes"
        },
        {
          "Name": "Cache-Control",
          "Value": "no-cache"
        },
        {
          "Name": "Content-Length",
          "Value": "2324"
        },
        {
          "Name": "Content-Type",
          "Value": "text/javascript"
        },
        {
          "Name": "ETag",
          "Value": "\"b7HKhKQ3REcyBYhYKPbqksQaCspFJF2B9HWRcAYPGwI=\""
        },
        {
          "Name": "Last-Modified",
          "Value": "Mon, 09 May 2022 12:19:59 GMT"
        }
      ],
      "EndpointProperties": [
        {
          "Name": "integrity",
          "Value": "sha256-b7HKhKQ3REcyBYhYKPbqksQaCspFJF2B9HWRcAYPGwI="
        }
      ]
    },
    {
      "Route": "js/msal/authConfig.vsueybz2k1.js",
      "AssetFile": "js/msal/authConfig.js",
      "Selectors": [],
      "ResponseHeaders": [
        {
          "Name": "Accept-Ranges",
          "Value": "bytes"
        },
        {
          "Name": "Cache-Control",
          "Value": "max-age=31536000, immutable"
        },
        {
          "Name": "Content-Length",
          "Value": "2324"
        },
        {
          "Name": "Content-Type",
          "Value": "text/javascript"
        },
        {
          "Name": "ETag",
          "Value": "\"b7HKhKQ3REcyBYhYKPbqksQaCspFJF2B9HWRcAYPGwI=\""
        },
        {
          "Name": "Last-Modified",
          "Value": "Mon, 09 May 2022 12:19:59 GMT"
        }
      ],
      "EndpointProperties": [
        {
          "Name": "fingerprint",
          "Value": "vsueybz2k1"
        },
        {
          "Name": "integrity",
          "Value": "sha256-b7HKhKQ3REcyBYhYKPbqksQaCspFJF2B9HWRcAYPGwI="
        },
        {
          "Name": "label",
          "Value": "js/msal/authConfig.js"
        }
      ]
    },
    {
      "Route": "js/openseadragon.min.go8mpglrbt.js",
      "AssetFile": "js/openseadragon.min.js",
      "Selectors": [],
      "ResponseHeaders": [
        {
          "Name": "Accept-Ranges",
          "Value": "bytes"
        },
        {
          "Name": "Cache-Control",
          "Value": "max-age=31536000, immutable"
        },
        {
          "Name": "Content-Length",
          "Value": "236925"
        },
        {
          "Name": "Content-Type",
          "Value": "text/javascript"
        },
        {
          "Name": "ETag",
          "Value": "\"cN42/prqGhkkMOxnCa2ZAXcXZM0sRUAwBUH6XweTgrg=\""
        },
        {
          "Name": "Last-Modified",
          "Value": "Tue, 01 Nov 2022 10:24:29 GMT"
        }
      ],
      "EndpointProperties": [
        {
          "Name": "fingerprint",
          "Value": "go8mpglrbt"
        },
        {
          "Name": "integrity",
          "Value": "sha256-cN42/prqGhkkMOxnCa2ZAXcXZM0sRUAwBUH6XweTgrg="
        },
        {
          "Name": "label",
          "Value": "js/openseadragon.min.js"
        }
      ]
    },
    {
      "Route": "js/openseadragon.min.js",
      "AssetFile": "js/openseadragon.min.js",
      "Selectors": [],
      "ResponseHeaders": [
        {
          "Name": "Accept-Ranges",
          "Value": "bytes"
        },
        {
          "Name": "Cache-Control",
          "Value": "no-cache"
        },
        {
          "Name": "Content-Length",
          "Value": "236925"
        },
        {
          "Name": "Content-Type",
          "Value": "text/javascript"
        },
        {
          "Name": "ETag",
          "Value": "\"cN42/prqGhkkMOxnCa2ZAXcXZM0sRUAwBUH6XweTgrg=\""
        },
        {
          "Name": "Last-Modified",
          "Value": "Tue, 01 Nov 2022 10:24:29 GMT"
        }
      ],
      "EndpointProperties": [
        {
          "Name": "integrity",
          "Value": "sha256-cN42/prqGhkkMOxnCa2ZAXcXZM0sRUAwBUH6XweTgrg="
        }
      ]
    },
    {
      "Route": "js/openseadragon/build/openseadragon/openseadragon.min.js",
      "AssetFile": "js/openseadragon/build/openseadragon/openseadragon.min.js",
      "Selectors": [],
      "ResponseHeaders": [
        {
          "Name": "Accept-Ranges",
          "Value": "bytes"
        },
        {
          "Name": "Cache-Control",
          "Value": "no-cache"
        },
        {
          "Name": "Content-Length",
          "Value": "243536"
        },
        {
          "Name": "Content-Type",
          "Value": "text/javascript"
        },
        {
          "Name": "ETag",
          "Value": "\"f+s4CBsHRn0av5ztmfEvAOT9+s7+qTIFofCclWqxsUI=\""
        },
        {
          "Name": "Last-Modified",
          "Value": "Sun, 18 Dec 2022 09:59:50 GMT"
        }
      ],
      "EndpointProperties": [
        {
          "Name": "integrity",
          "Value": "sha256-f+s4CBsHRn0av5ztmfEvAOT9+s7+qTIFofCclWqxsUI="
        }
      ]
    },
    {
      "Route": "js/openseadragon/build/openseadragon/openseadragon.min.js.map",
      "AssetFile": "js/openseadragon/build/openseadragon/openseadragon.min.js.map",
      "Selectors": [],
      "ResponseHeaders": [
        {
          "Name": "Accept-Ranges",
          "Value": "bytes"
        },
        {
          "Name": "Cache-Control",
          "Value": "no-cache"
        },
        {
          "Name": "Content-Length",
          "Value": "296818"
        },
        {
          "Name": "Content-Type",
          "Value": "text/plain"
        },
        {
          "Name": "ETag",
          "Value": "\"7To0W6bscmSrKWxnuKmiCKjZupZ0Jdq9YGZqV/kCqsE=\""
        },
        {
          "Name": "Last-Modified",
          "Value": "Sun, 18 Dec 2022 09:59:50 GMT"
        }
      ],
      "EndpointProperties": [
        {
          "Name": "integrity",
          "Value": "sha256-7To0W6bscmSrKWxnuKmiCKjZupZ0Jdq9YGZqV/kCqsE="
        }
      ]
    },
    {
      "Route": "js/openseadragon/build/openseadragon/openseadragon.min.js.re4zw10g4f.map",
      "AssetFile": "js/openseadragon/build/openseadragon/openseadragon.min.js.map",
      "Selectors": [],
      "ResponseHeaders": [
        {
          "Name": "Accept-Ranges",
          "Value": "bytes"
        },
        {
          "Name": "Cache-Control",
          "Value": "max-age=31536000, immutable"
        },
        {
          "Name": "Content-Length",
          "Value": "296818"
        },
        {
          "Name": "Content-Type",
          "Value": "text/plain"
        },
        {
          "Name": "ETag",
          "Value": "\"7To0W6bscmSrKWxnuKmiCKjZupZ0Jdq9YGZqV/kCqsE=\""
        },
        {
          "Name": "Last-Modified",
          "Value": "Sun, 18 Dec 2022 09:59:50 GMT"
        }
      ],
      "EndpointProperties": [
        {
          "Name": "fingerprint",
          "Value": "re4zw10g4f"
        },
        {
          "Name": "integrity",
          "Value": "sha256-7To0W6bscmSrKWxnuKmiCKjZupZ0Jdq9YGZqV/kCqsE="
        },
        {
          "Name": "label",
          "Value": "js/openseadragon/build/openseadragon/openseadragon.min.js.map"
        }
      ]
    },
    {
      "Route": "js/openseadragon/build/openseadragon/openseadragon.min.r10titueb3.js",
      "AssetFile": "js/openseadragon/build/openseadragon/openseadragon.min.js",
      "Selectors": [],
      "ResponseHeaders": [
        {
          "Name": "Accept-Ranges",
          "Value": "bytes"
        },
        {
          "Name": "Cache-Control",
          "Value": "max-age=31536000, immutable"
        },
        {
          "Name": "Content-Length",
          "Value": "243536"
        },
        {
          "Name": "Content-Type",
          "Value": "text/javascript"
        },
        {
          "Name": "ETag",
          "Value": "\"f+s4CBsHRn0av5ztmfEvAOT9+s7+qTIFofCclWqxsUI=\""
        },
        {
          "Name": "Last-Modified",
          "Value": "Sun, 18 Dec 2022 09:59:50 GMT"
        }
      ],
      "EndpointProperties": [
        {
          "Name": "fingerprint",
          "Value": "r10titueb3"
        },
        {
          "Name": "integrity",
          "Value": "sha256-f+s4CBsHRn0av5ztmfEvAOT9+s7+qTIFofCclWqxsUI="
        },
        {
          "Name": "label",
          "Value": "js/openseadragon/build/openseadragon/openseadragon.min.js"
        }
      ]
    },
    {
      "Route": "onsemi.png",
      "AssetFile": "onsemi.png",
      "Selectors": [],
      "ResponseHeaders": [
        {
          "Name": "Accept-Ranges",
          "Value": "bytes"
        },
        {
          "Name": "Cache-Control",
          "Value": "max-age=3600, must-revalidate"
        },
        {
          "Name": "Content-Length",
          "Value": "41681"
        },
        {
          "Name": "Content-Type",
          "Value": "image/png"
        },
        {
          "Name": "ETag",
          "Value": "\"aC3bS6b3RX79s81cc0Th9igX1jMF5G4QWWDpicaTU/0=\""
        },
        {
          "Name": "Last-Modified",
          "Value": "Fri, 16 Dec 2022 11:02:49 GMT"
        }
      ],
      "EndpointProperties": [
        {
          "Name": "integrity",
          "Value": "sha256-aC3bS6b3RX79s81cc0Th9igX1jMF5G4QWWDpicaTU/0="
        }
      ]
    },
    {
      "Route": "onsemi.wqd09dh66i.png",
      "AssetFile": "onsemi.png",
      "Selectors": [],
      "ResponseHeaders": [
        {
          "Name": "Accept-Ranges",
          "Value": "bytes"
        },
        {
          "Name": "Cache-Control",
          "Value": "max-age=31536000, immutable"
        },
        {
          "Name": "Content-Length",
          "Value": "41681"
        },
        {
          "Name": "Content-Type",
          "Value": "image/png"
        },
        {
          "Name": "ETag",
          "Value": "\"aC3bS6b3RX79s81cc0Th9igX1jMF5G4QWWDpicaTU/0=\""
        },
        {
          "Name": "Last-Modified",
          "Value": "Fri, 16 Dec 2022 11:02:49 GMT"
        }
      ],
      "EndpointProperties": [
        {
          "Name": "fingerprint",
          "Value": "wqd09dh66i"
        },
        {
          "Name": "integrity",
          "Value": "sha256-aC3bS6b3RX79s81cc0Th9igX1jMF5G4QWWDpicaTU/0="
        },
        {
          "Name": "label",
          "Value": "onsemi.png"
        }
      ]
    },
    {
      "Route": "sample-data/avatar.png",
      "AssetFile": "sample-data/avatar.png",
      "Selectors": [],
      "ResponseHeaders": [
        {
          "Name": "Accept-Ranges",
          "Value": "bytes"
        },
        {
          "Name": "Cache-Control",
          "Value": "max-age=3600, must-revalidate"
        },
        {
          "Name": "Content-Length",
          "Value": "59017"
        },
        {
          "Name": "Content-Type",
          "Value": "image/png"
        },
        {
          "Name": "ETag",
          "Value": "\"nKEMe1NxKbAfRlgYXPPzB2dnXdO9EaXnV4N4sWOatsU=\""
        },
        {
          "Name": "Last-Modified",
          "Value": "Sat, 29 Jan 2022 10:07:12 GMT"
        }
      ],
      "EndpointProperties": [
        {
          "Name": "integrity",
          "Value": "sha256-nKEMe1NxKbAfRlgYXPPzB2dnXdO9EaXnV4N4sWOatsU="
        }
      ]
    },
    {
      "Route": "sample-data/avatar.wf6cq3n15z.png",
      "AssetFile": "sample-data/avatar.png",
      "Selectors": [],
      "ResponseHeaders": [
        {
          "Name": "Accept-Ranges",
          "Value": "bytes"
        },
        {
          "Name": "Cache-Control",
          "Value": "max-age=31536000, immutable"
        },
        {
          "Name": "Content-Length",
          "Value": "59017"
        },
        {
          "Name": "Content-Type",
          "Value": "image/png"
        },
        {
          "Name": "ETag",
          "Value": "\"nKEMe1NxKbAfRlgYXPPzB2dnXdO9EaXnV4N4sWOatsU=\""
        },
        {
          "Name": "Last-Modified",
          "Value": "Sat, 29 Jan 2022 10:07:12 GMT"
        }
      ],
      "EndpointProperties": [
        {
          "Name": "fingerprint",
          "Value": "wf6cq3n15z"
        },
        {
          "Name": "integrity",
          "Value": "sha256-nKEMe1NxKbAfRlgYXPPzB2dnXdO9EaXnV4N4sWOatsU="
        },
        {
          "Name": "label",
          "Value": "sample-data/avatar.png"
        }
      ]
    }
  ]
}